Poste,Entreprise,Ville,Type de contrat,Expérience,Lien
Financial Reporting Manager,Cypher,Casablanca,CDI,6-9,https://www.jobzyn.com/fr/companies/cypher/jobs/financial-reporting-manager-casablanca/apply
Responsable HSE,TGCC,Casablanca,CDD,6-9,https://www.jobzyn.com/fr/companies/TGCC/jobs/responsable-hse-casablanca/apply
Responsable études de prix,TGCC,Casablanca,CDI,6-9,https://www.jobzyn.com/fr/companies/TGCC/jobs/responsable-etudes-de-prix-casablanca/apply
Talent Acquisition Specialist,Theodo Morocco,Casablanca,CDI,0-2,https://www.jobzyn.com/fr/companies/theodo-morocco/jobs/talent-acquisition-specialist-casablanca/apply
Consulting Data Manager,ARTEFACT,Casablanca,CDI,3-5,https://www.jobzyn.com/fr/companies/artefact/jobs/consulting-data-manager-casablanca/apply
Data consultant,Akumenia,Casablanca,CDI,3-5,https://www.jobzyn.com/fr/companies/Akumenia/jobs/data-consultant-casablanca/apply
Chief Technical Officer,Akumenia,Casablanca,CDI,10-et,https://www.jobzyn.com/fr/companies/Akumenia/jobs/chief-technical-officer-casablanca/apply
KAM Clinique Rabat/Fes/Meknes Oriental,Sterifil,Rabat,CDI,3-5,https://www.jobzyn.com/fr/companies/sterifil/jobs/kam-clinique-rabatfesmeknes-oriental-rabat/apply
Développeur Web Senior,Theodo Morocco,Casablanca,CDI,6-9,https://www.jobzyn.com/fr/companies/theodo-morocco/jobs/senior-web-developer-casablanca/apply
Responsable Technique,Maghreb Industries,Nouasseur,CDI,10-et,https://www.jobzyn.com/fr/companies/Maghreb-Industries/jobs/responsable-technique-nouasseur/apply
Responsable Méthodes,Maghreb Industries,Nouasseur,CDI,6-9,https://www.jobzyn.com/fr/companies/Maghreb-Industries/jobs/responsable-methodes-nouasseur/apply
Responsable de Production,Maghreb Industries,Nouasseur,CDI,6-9,https://www.jobzyn.com/fr/companies/Maghreb-Industries/jobs/responsable-de-production-nouasseur/apply
Responsable Trésorerie,Maghreb Industries,Nouasseur,CDI,6-9,https://www.jobzyn.com/fr/companies/Maghreb-Industries/jobs/responsable-tresorerie-nouasseur/apply
Senior Web Developer React/Spring Boot,Theodo Morocco,Casablanca,Freelance,3-5,https://www.jobzyn.com/fr/companies/theodo-morocco/jobs/senior-web-developer-casablanca-1/apply
UI/UX Designer,Theodo Morocco,Casablanca,CDI,3-5,https://www.jobzyn.com/fr/companies/theodo-morocco/jobs/uiux-designer-casablanca/apply
Senior Analyst (English Speaking),Deloitte Extended Services,Casablanca,CDI,3-5,https://www.jobzyn.com/fr/companies/Deloitte/jobs/chargee-de-facturation-anglophone-casablanca/apply
Data Consultant Senior,ARTEFACT,Casablanca,CDI,3-5,https://www.jobzyn.com/fr/companies/artefact/jobs/data-consultant-senior-casablanca/apply
Data Consultant Manager,ARTEFACT,Casablanca,CDI,3-5,https://www.jobzyn.com/fr/companies/artefact/jobs/data-consultant-manager-casablanca/apply
Ingénieur Systèmes et Réseaux,TGCC,Casablanca,CDI,3-5,https://www.jobzyn.com/fr/companies/TGCC/jobs/ingenieur-systemes-et-reseaux-casablanca/apply
Manager Transformation Digitale & Innovation,Intelcia,Casablanca,CDI,6-9,https://www.jobzyn.com/fr/companies/intelcia/jobs/manager-transformation-digitale-innovation/apply
Consultant Senior Data & IA,Intelcia,Casablanca,CDI,3-5,https://www.jobzyn.com/fr/companies/intelcia/jobs/consultant-senior-data-ia/apply
Chef de projet SIRH,Intelcia,Casablanca,CDI,0-2,https://www.jobzyn.com/fr/companies/intelcia/jobs/chef-de-projet-sirh/apply
Chef de produit,Sterifil,Casablanca,CDI,3-5,https://www.jobzyn.com/fr/companies/sterifil/jobs/chef-de-produit-casablanca/apply
Consultant Senior spécialité Finance & Corporate,Valyans,Casablanca,CDI,3-5,https://www.jobzyn.com/fr/companies/valyans/jobs/consultant-senior-finance-casablanca/apply
Juriste Confirmé,KLK Khayatey Living,Casablanca,CDI,3-5,https://www.jobzyn.com/fr/companies/klk-khayatey/jobs/juriste-confirme-casablanca/apply
Directeur D’Hotel,KLK Khayatey Living,Casablanca,CDI,6-9,https://www.jobzyn.com/fr/companies/klk-khayatey/jobs/directeur-dhotel-casablanca/apply
Consultant Senior spécialité Finance & Corporate,Valyans,Rabat,CDI,3-5,https://www.jobzyn.com/fr/companies/valyans/jobs/consultant-senior-specialite-finance-corporate-rabat/apply
Consultant(e) Senior,Valyans,Casablanca,CDI,3-5,https://www.jobzyn.com/fr/companies/valyans/jobs/consultante-senior-casablanca/apply
Consultant(e) Senior,Valyans,Rabat,CDI,3-5,https://www.jobzyn.com/fr/companies/valyans/jobs/consultante-senior-rabat/apply
After Sales Service Specialist,LNKO,Casablanca,CDI,3-5,https://www.jobzyn.com/fr/companies/lnko/jobs/after-sales-service-specialist-casablanca/apply
Sales Specialist,LNKO,Casablanca,CDI,3-5,https://www.jobzyn.com/fr/companies/lnko/jobs/sales-specialist-casablanca/apply
Regional Manager East,Glovo,Casablanca,CDI,6-9,https://www.jobzyn.com/fr/companies/glovo/jobs/regional-manager-east-morocco-fes/apply
Responsable Planification des Projets de Construction,A.Lazrak,Casablanca,CDI,6-9,https://www.jobzyn.com/fr/companies/alazrak/jobs/responsable-planification-des-projets-de-construction-casablanca/apply
Senior ML/AI engineer,Jobzyn,Casablanca,CDI,3-5,https://www.jobzyn.com/fr/companies/Jobzyn/jobs/senior-mlai-engineer-casablanca/apply
Assistant(e) de direction expérimenté(e) F/H,Deloitte Extended Services,Casablanca,CDI,0-2,https://www.jobzyn.com/fr/companies/Deloitte/jobs/assistante-de-direction-experimentee-fh-casablanca/apply
Agent d’Accueil et Caissière,KLK Khayatey Living,Dar Bou Azza,CDI,3-5,https://www.jobzyn.com/fr/companies/klk-khayatey/jobs/agent-daccueil-et-caissiere-dar-bou-azza/apply
Consultant(e) Junior,Valyans,Rabat,CDI,0-2,https://www.jobzyn.com/fr/companies/valyans/jobs/consultante-junior-rabat/apply
Consultant(e) Junior,Valyans,Casablanca,CDI,0-2,https://www.jobzyn.com/fr/companies/valyans/jobs/consultante-junior-casablanca/apply
Commercial Immobilier Neuf,KLK Khayatey Living,Casablanca,CDI,3-5,https://www.jobzyn.com/fr/companies/klk-khayatey/jobs/commercial-casablanca/apply
Agent de recouvrement & Contentieux,KLK Khayatey Living,Casablanca,CDI,3-5,https://www.jobzyn.com/fr/companies/klk-khayatey/jobs/agent-de-recouvrement-contentieux-casablanca/apply
Data Steward Clients Fournisseurs (H/F),Deloitte Extended Services,Casablanca,CDI,0-2,https://www.jobzyn.com/fr/companies/Deloitte/jobs/data-steward-clients-fournisseurs-hf-casablanca/apply
Chef de Projet Informatique,A.Lazrak,Casablanca,CDI,3-5,https://www.jobzyn.com/fr/companies/alazrak/jobs/chef-de-projet-informatique-casablanca/apply
Responsable Études de Prix,A.Lazrak,Casablanca,CDI,6-9,https://www.jobzyn.com/fr/companies/alazrak/jobs/responsable-etudes-de-prix-casablanca/apply
Chargé de Méthodes,Bottu,Casablanca,CDI,3-5,https://www.jobzyn.com/fr/companies/bottu/jobs/charge-de-methodes--casablanca/apply
Chargé Etudes de Marché,Bottu,Casablanca,CDI,3-5,https://www.jobzyn.com/fr/companies/bottu/jobs/charge-etudes-de-marche-casablanca/apply
Ingénieur Production,Bottu,Casablanca,CDI,3-5,https://www.jobzyn.com/fr/companies/bottu/jobs/ingenieur-production/apply
Chargé(e) Administration RH,Bottu,Casablanca,CDI,6-9,https://www.jobzyn.com/fr/companies/bottu/jobs/chargee-administration-rh-casablanca/apply
Développeur.Net,Bottu,Casablanca,CDI,3-5,https://www.jobzyn.com/fr/companies/bottu/jobs/developpeurnet-casablanca/apply
Data Scientist,ARTEFACT,Casablanca,CDI,3-5,https://www.jobzyn.com/fr/companies/artefact/jobs/data-scientist-senior-casablanca/apply
Category Manager,KITEA,Casablanca,CDI,3-5,https://www.jobzyn.com/fr/companies/kitea/jobs/category-manager-cac-casablanca/apply
AI engineer / Data scientist,Akumenia,Casablanca,CDI,3-5,https://www.jobzyn.com/fr/companies/Akumenia/jobs/ai-engineer-data-scientist-casablanca/apply
Data Engineer,Akumenia,Casablanca,CDI,3-5,https://www.jobzyn.com/fr/companies/Akumenia/jobs/data-engineer-casablanca/apply
Senior Financial Analyst,Cypher,Casablanca,CDI,6-9,https://www.jobzyn.com/fr/companies/cypher/jobs/senior-financial-analyst-casablanca/apply
Accounting Manager,Cypher,Casablanca,CDI,6-9,https://www.jobzyn.com/fr/companies/cypher/jobs/accounting-manager-casablanca/apply
Data Engineer,ARTEFACT,Casablanca,CDI,0-2,https://www.jobzyn.com/fr/companies/artefact/jobs/data-engineer-junior-casablanca/apply
Data Analyst,ARTEFACT,Casablanca,CDI,6-9,https://www.jobzyn.com/fr/companies/artefact/jobs/data-analyst-manager-casablanca/apply
Data Analyst,ARTEFACT,Casablanca,CDI,3-5,https://www.jobzyn.com/fr/companies/artefact/jobs/data-analyst-senior-casablanca/apply
Comptable,KITEA,Casablanca,CDI,3-5,https://www.jobzyn.com/fr/companies/kitea/jobs/comptable-casablanca/apply
Consultante(e) EPM/Anaplan,Deloitte Extended Services,Casablanca,CDI,0-2,https://www.jobzyn.com/fr/companies/Deloitte/jobs/consultantee-epmanaplan-casablanca/apply
Senior Administrative Assistant,JESA Advisory,Casablanca,CDI,6-9,https://www.jobzyn.com/fr/companies/jesa-ads/jobs/senior-administrative-assistant-casablanca/apply
Data Engineer Senior,ARTEFACT,Casablanca,CDI,3-5,https://www.jobzyn.com/fr/companies/artefact/jobs/data-engineer-senior-casablanca/apply
"Chef de Projet Travaux, Etudes et Suivi Techniques",CIH Bank,,CDI,3-5,https://www.jobzyn.com/fr/companies/cih-bank/jobs/chef-de-projet-travaux-etudes-et-suivi-techniques/apply
Contrôleur Titre & Bourse Interne,CIH Bank,Casablanca,CDI,3-5,https://www.jobzyn.com/fr/companies/cih-bank/jobs/controleur-titre--bourse-interne-casablanca/apply
Customer Center Operations Lead,Glovo,Casablanca,CDI,3-5,https://www.jobzyn.com/fr/companies/glovo/jobs/customer-center-operations-lead-casablanca/apply
Human Resources Business Partner,LNKO,Casablanca,CDI,3-5,https://www.jobzyn.com/fr/companies/lnko/jobs/human-resources-business-partner-casablanca/apply
RAF - Responsable Financier,LNKO,Casablanca,CDI,6-9,https://www.jobzyn.com/fr/companies/lnko/jobs/raf---responsable-financier-casablanca/apply
Account Manager,Glovo,Casablanca,CDI,3-5,https://www.jobzyn.com/fr/companies/glovo/jobs/account-manager-casablanca-1/apply
Stagiaire Digital Factory,Intelcia,Casablanca,Stage,0-2,https://www.jobzyn.com/fr/companies/intelcia/jobs/stagiaire-digital-factory/apply
Consultant stagiaire,Accuracy,Casablanca,Stage,0-2,https://www.jobzyn.com/fr/companies/accuracy/jobs/consultant-stagiaire-casablanca/apply
Animateur HSE,TGCC,Casablanca,CDD,0-2,https://www.jobzyn.com/fr/companies/TGCC/jobs/animateur-hse-casablanca/apply
Superviseur HSE,TGCC,Casablanca,CDI,3-5,https://www.jobzyn.com/fr/companies/TGCC/jobs/superviseur-hse-casablanca/apply
Chef de projets,TGCC,Casablanca,CDI,6-9,https://www.jobzyn.com/fr/companies/TGCC/jobs/chef-de-projets-casablanca/apply
Métreur,TGCC,Casablanca,CDI,3-5,https://www.jobzyn.com/fr/companies/TGCC/jobs/metreur-casablanca/apply
Directeur(trice) de projets,TGCC,Casablanca,CDI,10-et,https://www.jobzyn.com/fr/companies/TGCC/jobs/directeurtrice-de-projets-casablanca/apply
Dessinateur en menuiserie aluminium,TGCC,Casablanca,CDI,3-5,https://www.jobzyn.com/fr/companies/TGCC/jobs/dessinateur-en-menuiserie-aluminium-casablanca/apply
Comptable expérimenté(e),A.Lazrak,Casablanca,CDI,0-2,https://www.jobzyn.com/fr/companies/alazrak/jobs/comptable-experimentee-casablanca/apply
Chargé du Controle de gestion,A.Lazrak,Casablanca,CDI,3-5,https://www.jobzyn.com/fr/companies/alazrak/jobs/charge-du-controle-de-gestion-casablanca/apply
Stagiaire Comptabilité(e),A.Lazrak,Casablanca,Stage,0-2,https://www.jobzyn.com/fr/companies/alazrak/jobs/stagiaire-comptabilitee-casablanca/apply
Manager Oracle Cloud ERP,Deloitte Extended Services,Casablanca,CDI,3-5,https://www.jobzyn.com/fr/companies/Deloitte/jobs/r-6612-manager-oracle-cloud-erp-casablanca/apply
Sales Executive - Marrakech,Glovo,Marrakech,CDI,3-5,https://www.jobzyn.com/fr/companies/glovo/jobs/sales-executive---marrakech-marrakech/apply
Senior Consultant HR Transformation (SIRH),Deloitte Extended Services,Casablanca,CDI,6-9,https://www.jobzyn.com/fr/companies/Deloitte/jobs/senior-consultant-hr-transformation-sirh-casablanca/apply
Regional Manager - Casablanca,Glovo,Casablanca,CDI,6-9,https://www.jobzyn.com/fr/companies/glovo/jobs/regional-manager---casablanca-casablanca/apply
Chef de projet Monétique,CIH Bank,Casablanca,CDI,6-9,https://www.jobzyn.com/fr/companies/cih-bank/jobs/chef-de-projet-monetique--casablanca/apply
Expansion & Facility Manager,Glovo,Casablanca,CDI,3-5,https://www.jobzyn.com/fr/companies/glovo/jobs/expansion-facility-manager-casablanca/apply
Consultant Expérimenté - Organisation & Transformation F/H,Deloitte Extended Services,Casablanca,CDI,3-5,https://www.jobzyn.com/fr/companies/Deloitte/jobs/consultant-experimente---organisation-transformation-fh-casablanca/apply
Senior Search Analyst,JESA Advisory,Casablanca,CDI,3-5,https://www.jobzyn.com/fr/companies/jesa-ads/jobs/senior-search-analyst-casablanca/apply
Consultant Senior - Digital Learning,Deloitte Extended Services,Casablanca,CDI,3-5,https://www.jobzyn.com/fr/companies/Deloitte/jobs/consultant-senior-digital-learning-casablanca/apply
Chargé(e) de Trésorerie,Intelcia,Casablanca,CDI,0-2,https://www.jobzyn.com/fr/companies/intelcia/jobs/chargee-de-tresorerie/apply
Responsable Audit Interne,KITEA,Casablanca,CDI,3-5,https://www.jobzyn.com/fr/companies/kitea/jobs/responsable-audit-interne-casablanca/apply
Expert Cyber sécurité,Intelcia,Casablanca,CDI,6-9,https://www.jobzyn.com/fr/companies/intelcia/jobs/expert-cyber-securite/apply
Consultant Expérimenté Technique SAP F/H,Deloitte Extended Services,Casablanca,CDI,3-5,https://www.jobzyn.com/fr/companies/Deloitte/jobs/r-2260-consultant-experimente-technique-sap-fh-open-casablanca/apply
Sales Account Executive IT,Microdata,Casablanca,CDI,3-5,https://www.jobzyn.com/fr/companies/microdata/jobs/sales-account-executive-it-casablanca/apply
Sales Manager,YoLa Fresh,Casablanca,CDI,3-5,https://www.jobzyn.com/fr/companies/yola-fresh/jobs/sales-manager-casablanca/apply
Consultant Senior Transformation Digitale & Innovation,Intelcia,Casablanca,CDI,3-5,https://www.jobzyn.com/fr/companies/intelcia/jobs/consultant-senior-transformation-digitale-innovation/apply
Program Manager Senior,CIH Bank,Casablanca,CDI,6-9,https://www.jobzyn.com/fr/companies/cih-bank/jobs/program-manager-senior-casablanca/apply
Chef de Projet Sénior Développement et Partenariats,CIH Bank,Casablanca,CDI,6-9,https://www.jobzyn.com/fr/companies/cih-bank/jobs/chef-de-projet-senior-developpement-et-partenariats-casablanca/apply
Chargé d'Affaires Financements Structurés,CIH Bank,Casablanca,CDI,6-9,https://www.jobzyn.com/fr/companies/cih-bank/jobs/charge-daffaires-financements-structures-casablanca/apply
Chef de Projet Organisation,CIH Bank,Casablanca,CDI,6-9,https://www.jobzyn.com/fr/companies/cih-bank/jobs/chef-de-projet-organisation-casablanca/apply
Responsable Desk Taux (Plateforme Trading),CIH Bank,Casablanca,CDI,0-2,https://www.jobzyn.com/fr/companies/cih-bank/jobs/responsable-desk-taux-plateforme-trading-casablanca/apply
AUDITEUR / INSPECTEUR,CIH Bank,,CDI,3-5,https://www.jobzyn.com/fr/companies/cih-bank/jobs/auditeur--inspecteur/apply
Chargé de Conformité (Veille réglementaire et déontologique),CIH Bank,Casablanca,CDI,3-5,https://www.jobzyn.com/fr/companies/cih-bank/jobs/charge-de-conformite-veille-reglementaire-et-deontologique-casablanca/apply
Ingénieur Microsoft Senior (Azure & M365),Microdata,Casablanca,CDI,6-9,https://www.jobzyn.com/fr/companies/microdata/jobs/ingenieur-microsoft-senior-azure-m365-casablanca/apply
Consultant Integration/Mulesoft F/H,Deloitte Extended Services,Casablanca,CDI,0-2,https://www.jobzyn.com/fr/companies/Deloitte/jobs/r-6908-consultant-integrationmulesoft-hf-casablanca/apply
AMOA,Effyis Group,Casablanca,CDI,3-5,https://www.jobzyn.com/fr/companies/effyis-group/jobs/amoa-casablanca/apply
Consultant Expérimenté Transformation organisationnelle (CSP/GBS/SSC) F/H,Deloitte Extended Services,Casablanca,CDI,3-5,https://www.jobzyn.com/fr/companies/Deloitte/jobs/consultant-experimente-transformation-organisationnelle-cspgbsssc-fh-casablanca/apply
Consultant Expérimenté Salesforce F/H,Deloitte Extended Services,Casablanca,CDI,3-5,https://www.jobzyn.com/fr/companies/Deloitte/jobs/r-6809-consultant-experimente-salesforce-fh-casablanca/apply
Sales Executive - Fes,Glovo,Fès,CDI,3-5,https://www.jobzyn.com/fr/companies/glovo/jobs/sales-executive---fes-fes/apply
Ingénieur Réseaux et Sécurité Senior,Microdata,Casablanca,CDI,6-9,https://www.jobzyn.com/fr/companies/microdata/jobs/ingenieur-reseaux-et-securite-senior-casablanca/apply
Responsable IA,CIH Bank,Casablanca,CDI,6-9,https://www.jobzyn.com/fr/companies/cih-bank/jobs/-responsable-ia--casablanca/apply
Consultant associate,Accuracy,Casablanca,CDI,3-5,https://www.jobzyn.com/fr/companies/accuracy/jobs/consultant-associate-casablanca/apply
Back-end Developer (Symfony),Sobrus,,CDI,3-5,https://www.jobzyn.com/fr/companies/sobrus/jobs/back-end-developer-symfony/apply
Sales Executive - Casablanca,Glovo,Casablanca,CDI,0-2,https://www.jobzyn.com/fr/companies/glovo/jobs/sales-executive---casablanca-casablanca/apply
Sales Executive - Rabat,Glovo,Rabat,CDI,3-5,https://www.jobzyn.com/fr/companies/glovo/jobs/sales-executive---rabat-rabat-1/apply
Électricien Industriel,Maghreb Industries,Nouasseur,CDI,3-5,https://www.jobzyn.com/fr/companies/Maghreb-Industries/jobs/electricien-industriel-nouasseur/apply
Chargé de Marketing Digital,KITEA,Casablanca,CDI,3-5,https://www.jobzyn.com/fr/companies/kitea/jobs/charge-de-marketing-digital-casablanca/apply
Contrôleur de gestion,Innoflex,Casablanca,CDI,6-9,https://www.jobzyn.com/fr/companies/innoflex/jobs/controleur-de-gestion-casablanca/apply
Sales Team Lead - Morocco,Glovo,Casablanca,CDI,3-5,https://www.jobzyn.com/fr/companies/glovo/jobs/sales-team-lead---morocco-casablanca/apply
Senior Consultant / Manager,JESA Advisory,Casablanca,CDI,6-9,https://www.jobzyn.com/fr/companies/jesa-ads/jobs/senior-consultant-manager-casablanca/apply
Technicien de Maintenance,Maghreb Industries,Nouasseur,CDI,3-5,https://www.jobzyn.com/fr/companies/Maghreb-Industries/jobs/technicien-de-maintenance-nouasseur/apply
Responsable Magasins (Stock et Produits Finis),Maghreb Industries,Nouasseur,CDI,6-9,https://www.jobzyn.com/fr/companies/Maghreb-Industries/jobs/responsable-magasins-stock-et-produits-finis-nouasseur/apply
Approvisionneur,Bottu,Casablanca,CDI,3-5,https://www.jobzyn.com/fr/companies/bottu/jobs/approvisionneur-casablanca/apply
Senior Project Manager,Glovo,Casablanca,CDI,3-5,https://www.jobzyn.com/fr/companies/glovo/jobs/senior-project-manager-casablanca/apply
Account Manager Specialties,Glovo,Casablanca,CDI,3-5,https://www.jobzyn.com/fr/companies/glovo/jobs/account-manager-specialties-casablanca-1/apply
Retail Account Manager,Glovo,Casablanca,CDI,6-9,https://www.jobzyn.com/fr/companies/glovo/jobs/retail-account-manager-casablanca-1/apply
Chef de Projet Senior,Innoflex,Casablanca,CDI,6-9,https://www.jobzyn.com/fr/companies/innoflex/jobs/chef-de-projet-senior-casablanca/apply
Consultant Expérimenté Fonctionnel SAP F/H,Deloitte Extended Services,Casablanca,CDI,6-9,https://www.jobzyn.com/fr/companies/Deloitte/jobs/r-6611-consultant-experimente-fonctionnel-sap-fh-casablanca/apply
Sales Team Lead- North,Glovo,Rabat,CDI,6-9,https://www.jobzyn.com/fr/companies/glovo/jobs/sales-team-lead--north-rabat/apply
Chargé(e) de ressources humaines,ManpowerGroup Maroc,Casablanca,CDI,3-5,https://www.jobzyn.com/fr/companies/manpowergroup-maroc/jobs/chargee-de-ressources-humaines-casablanca/apply
PMO,Effyis Group,Casablanca,CDI,3-5,https://www.jobzyn.com/fr/companies/effyis-group/jobs/pmo-casablanca/apply
Consultant associate senior,Accuracy,Casablanca,CDI,3-5,https://www.jobzyn.com/fr/companies/accuracy/jobs/consultant-associate-senior-casablanca/apply
Regional Manager North ( Rabat/Tangier),Glovo,Rabat,CDI,6-9,https://www.jobzyn.com/fr/companies/glovo/jobs/regional-manager-north-rabattangier-rabat/apply
Consultant confirmé FSI Fintech Banque & Assurance F/H,Deloitte Extended Services,Casablanca,CDI,0-2,https://www.jobzyn.com/fr/companies/Deloitte/jobs/consultant-confirme-fsi-fintech-banque-assurance-fh-casablanca/apply
Consultant Expérimenté Fonctionnel AMOA ERP F/H,Deloitte Extended Services,Casablanca,CDI,3-5,https://www.jobzyn.com/fr/companies/Deloitte/jobs/consultant-experimente-fonctionnel-amoa-erp-fh-casablanca/apply
Délégué Pharmaceutique – FRANCE LAIT,Sterifil,Casablanca,CDI,3-5,https://www.jobzyn.com/fr/companies/sterifil/jobs/delegue-pharmaceutique-france-lait/apply
Consultant Expérimenté DevOps F/H,Deloitte Extended Services,Casablanca,CDI,3-5,https://www.jobzyn.com/fr/companies/Deloitte/jobs/r-4912-consultant-experimente-devops-fh-casablanca/apply
Consultant analyste,Accuracy,Casablanca,CDI,0-2,https://www.jobzyn.com/fr/companies/accuracy/jobs/consultant-analyste-casablanca/apply
Head of Growth/Marketing - (They/She/He),Glovo,Casablanca,CDI,6-9,https://www.jobzyn.com/fr/companies/glovo/jobs/head-of-growthmarketing---theyshehe-casablanca/apply
Data Engineer Manager,ARTEFACT,Casablanca,CDI,3-5,https://www.jobzyn.com/fr/companies/artefact/jobs/data-engineer-manager-casablanca/apply
Tech Lead Expérimenté F/H,Deloitte Extended Services,Casablanca,CDI,6-9,https://www.jobzyn.com/fr/companies/Deloitte/jobs/r-6748-tech-lead-experimente-fh-casablanca/apply
Manager / Senior Manager SAP F/H,Deloitte Extended Services,Casablanca,CDI,10-et,https://www.jobzyn.com/fr/companies/Deloitte/jobs/r-3235-manager-senior-manager-sap-fh-casablanca/apply
Consultant Junior – Transformation Finance (H/F),Deloitte Extended Services,Casablanca,CDI,0-2,https://www.jobzyn.com/fr/companies/Deloitte/jobs/r-3377-consultant-junior-transformation-finance-hf-casablanca/apply
Consultant Expérimenté Oracle Cloud ERP F/H,Deloitte Extended Services,Casablanca,CDI,3-5,https://www.jobzyn.com/fr/companies/Deloitte/jobs/r-5737-consultant-experimente-oracle-cloud-erp-fh-casablanca/apply
Consultant Expérimenté Transaction Services FSI - Secteur Banque/Assurance (H/F),Deloitte Extended Services,Casablanca,CDI,3-5,https://www.jobzyn.com/fr/companies/Deloitte/jobs/r-5879-consultant-experimente-transaction-services-fsi---secteur-banqueassurance-hf-casablanca/apply
Ingénieur Expérimenté Cloud F/H,Deloitte Extended Services,Casablanca,CDI,3-5,https://www.jobzyn.com/fr/companies/Deloitte/jobs/r-5929-ingenieur-experimente-cloud-fh-casablanca/apply
Consultant Software Asset Management (H/F),Deloitte Extended Services,Casablanca,CDI,0-2,https://www.jobzyn.com/fr/companies/Deloitte/jobs/r-6303-consultant-software-asset-management-hf-casablanca/apply
Architecte Expérimenté Cloud F/H,Deloitte Extended Services,Casablanca,CDI,3-5,https://www.jobzyn.com/fr/companies/Deloitte/jobs/r-6610-architecte-experimente-cloud-fh-casablanca/apply
Software Engineer Expérimenté F/H,Deloitte Extended Services,Casablanca,CDI,6-9,https://www.jobzyn.com/fr/companies/Deloitte/jobs/r-6755-software-engineer-experimente-fh-casablanca/apply
Consultant Expérimenté Reporting Consolidé F/H,Deloitte Extended Services,Casablanca,CDI,3-5,https://www.jobzyn.com/fr/companies/Deloitte/jobs/r-6949-consultant-experimente-reporting-consolide-fh-casablanca/apply
Électromécanicien,Maghreb Industries,Nouasseur,CDI,3-5,https://www.jobzyn.com/fr/companies/Maghreb-Industries/jobs/electromecanicien-nouasseur/apply
Chaudronnier,Maghreb Industries,Nouasseur,CDI,3-5,https://www.jobzyn.com/fr/companies/Maghreb-Industries/jobs/chaudronnier-nouasseur/apply
Community Manager,Effyis Group,Casablanca,CDI,3-5,https://www.jobzyn.com/fr/companies/effyis-group/jobs/community-manager-casablanca/apply
Sales Executive-Tanger,Glovo,Tanger,CDI,3-5,https://www.jobzyn.com/fr/companies/glovo/jobs/sales-executive-tanger-tanger/apply
Développeur Junior RPA,Intelcia,Casablanca,CDI,0-2,https://www.jobzyn.com/fr/companies/intelcia/jobs/developpeur-junior-rpa/apply
STAGE PFE,Intelcia,Casablanca,Stage,0-2,https://www.jobzyn.com/fr/companies/intelcia/jobs/stage-pfe/apply
Chef de projet AMOA,Intelcia,Casablanca,CDI,10-et,https://www.jobzyn.com/fr/companies/intelcia/jobs/chef-de-projet-amoa/apply
Communications Manager,Intelcia,Casablanca,CDI,10-et,https://www.jobzyn.com/fr/companies/intelcia/jobs/communications-manager/apply
Concepteur Vendeur (commercial),KITEA,Casablanca,CDI,3-5,https://www.jobzyn.com/fr/companies/kitea/jobs/concepteur-vendeur-commercial-casablanca/apply
Product Manager (Sobrus SNS),Sobrus,Témara,CDI,3-5,https://www.jobzyn.com/fr/companies/sobrus/jobs/product-manager-sobrus-sns-temara/apply
Chief Technology Officer (CTO),LNKO,Casablanca,CDI,6-9,https://www.jobzyn.com/fr/companies/lnko/jobs/chief-technology-officer-cto-casablanca/apply
Chief Operating Officer (COO),Sobrus,Temara,CDI,6-9,https://www.jobzyn.com/fr/companies/sobrus/jobs/chief-operating-officer-coo-temara/apply
Responsable des opérations,Innoflex,Casablanca,CDI,6-9,https://www.jobzyn.com/fr/companies/innoflex/jobs/responsable-des-operations-casablanca/apply
Chef de Produit Compléments Alimentaires,Bottu,Casablanca,CDI,3-5,https://www.jobzyn.com/fr/companies/bottu/jobs/chef-de-produit-complements-alimentaires-casablanca/apply
Sales performance Manager,YoLa Fresh,Casablanca,CDI,3-5,https://www.jobzyn.com/fr/companies/yola-fresh/jobs/sales-performance-manager-casablanca/apply
Chef de section,KITEA,Casablanca,CDI,3-5,https://www.jobzyn.com/fr/companies/kitea/jobs/chef-de-section-casablanca/apply
Accounting Junior,Cypher,Casablanca,CDI,0-2,https://www.jobzyn.com/fr/companies/cypher/jobs/accounting-junior-casablanca/apply
Financial Analyst,Cypher,Casablanca,CDI,3-5,https://www.jobzyn.com/fr/companies/cypher/jobs/financial-analyst-casablanca/apply
Responsable Financier,Royal Air Maroc,Casablanca,CDI,3-5,https://www.jobzyn.com/fr/companies/royal-air-maroc/jobs/responsable-financier-casablanca/apply
E-Commerce Product Manager,Royal Air Maroc,Casablanca,CDI,3-5,https://www.jobzyn.com/fr/companies/royal-air-maroc/jobs/e-commerce-product-manager-casablanca/apply
Project Management Officer,Royal Air Maroc,Casablanca,CDI,3-5,https://www.jobzyn.com/fr/companies/royal-air-maroc/jobs/project-management-officer-casablanca/apply
Data scientist,CIH Bank,Casablanca,CDI,3-5,https://www.jobzyn.com/fr/companies/cih-bank/jobs/data-scientist-casablanca/apply
Coordinateur(trice) Commerciale,Mafoder,,CDI,0-2,https://www.jobzyn.com/fr/companies/mafoder/jobs/coordinateurtrice-commerciale/apply
Manager Commercial (Voirie / Eau / BTP /Béton),Mafoder,Casablanca,CDI,3-5,https://www.jobzyn.com/fr/companies/mafoder/jobs/manager-commercial-voirie--eau--btp-beton-casablanca/apply
Chef de projets H/F (Aménagement Urbain & Façade),Mafoder,,CDI,6-9,https://www.jobzyn.com/fr/companies/mafoder/jobs/chef-de-projets-hf-amenagement-urbain--facade-/apply
Senior Product Manager SaaS (Univers pharmacie),Sobrus,Témara,CDI,3-5,https://www.jobzyn.com/fr/companies/sobrus/jobs/-senior-product-manager-saas-univers-pharmacie/apply
Responsable Grands Comptes - Distribution des Produits Alimentaires,YoLa Fresh,Casablanca,CDI,10-et,https://www.jobzyn.com/fr/companies/yola-fresh/jobs/responsable-grands-comptes---distribution-des-produits-alimentaires-casablanca/apply
Responsable des Opérations,KITEA,Rabat,CDI,3-5,https://www.jobzyn.com/fr/companies/kitea/jobs/responsable-des-operations-kenitra/apply
Product & Delivery Consultant,Theodo Morocco,Casablanca,CDI,3-5,https://www.jobzyn.com/fr/companies/theodo-morocco/jobs/product-delivery-consultant-casablanca/apply
Responsable Administratif et Financier,Bottu,Kénitra,CDI,10-et,https://www.jobzyn.com/fr/companies/bottu/jobs/responsable-administratif-et-financier-kenitra/apply
Juriste senior,Bottu,Casablanca,CDI,6-9,https://www.jobzyn.com/fr/companies/bottu/jobs/juriste-senior-casablanca/apply
Talent acquisition specialist,Effyis Group,Casablanca,CDI,0-2,https://www.jobzyn.com/fr/companies/effyis-group/jobs/talent-acquisition-specialist-casablanca/apply
Mobile Developer,Mynk,Casablanca,Autre,3-5,https://www.jobzyn.com/fr/companies/mynk/jobs/mobile-developer-casablanca/apply
Growth Marketing Manager,Innoflex,Casablanca,CDI,3-5,https://www.jobzyn.com/fr/companies/innoflex/jobs/growth-marketing-manager-casablanca/apply
Moderation Specialist,Sobrus,Témara,CDI,0-2,https://www.jobzyn.com/fr/companies/sobrus/jobs/moderation-specialist-temara/apply
Expert SOC,CIH Bank,Casablanca,CDI,6-9,https://www.jobzyn.com/fr/companies/cih-bank/jobs/expert-soc-casablanca/apply
Responsable digital retail,Cosmetica,Casablanca,CDI,3-5,https://www.jobzyn.com/fr/companies/cosmetica/jobs/responsable-digital-retail-casablanca/apply
Account Manager - Marketplace,Sobrus,Témara,CDI,3-5,https://www.jobzyn.com/fr/companies/sobrus/jobs/account-manager---marketplace-temara/apply
Finance and Admin Analyst Stagiaire,Agenz,Casablanca,Stage,0-2,https://www.jobzyn.com/fr/companies/agenz/jobs/finance-and-admin-analyst-stagiaire-casablanca/apply
Technicien Application Informatique et Helpdesk,Sterifil,Casablanca,CDI,0-2,https://www.jobzyn.com/fr/companies/sterifil/jobs/technicien-application-informatique-et-helpdesk-casablanca/apply
"Technico-Commercial (e) (Voirie, béton, mobilier urbain) - Agadir & Régions",Mafoder,,CDI,0-2,https://www.jobzyn.com/fr/companies/mafoder/jobs/technico-commercial-e-voirie-beton-mobilier-urbain---agadir-regions/apply
Responsable Développement de Produits et Prescription (Voirie / Eau / BTP /Béton),Mafoder,Casablanca,CDI,3-5,https://www.jobzyn.com/fr/companies/mafoder/jobs/responsable-developpement-de-produits-et-prescription-voirie--eau--btp-beton-casablanca/apply
Chef de projet senior - Activité Recouvrement,CIH Bank,Casablanca,CDI,6-9,https://www.jobzyn.com/fr/companies/cih-bank/jobs/chef-de-projet-senior----activite-recouvrement--casablanca/apply
Manager Construction industrielle,ManpowerGroup Maroc,Casablanca,CDI,10-et,https://www.jobzyn.com/fr/companies/manpowergroup-maroc/jobs/manager-construction-industrielle-casablanca/apply
Senior Full-stack developer,Userguest,,Freelance,6-9,https://www.jobzyn.com/fr/companies/userguest/jobs/senior-full-stack-developer/apply
Responsable Marketing,Michoc,Casablanca,CDI,3-5,https://www.jobzyn.com/fr/companies/michoc/jobs/responsable-marketing-casablanca/apply
Full Stack Developer,Mynk,Casablanca,Autre,3-5,https://www.jobzyn.com/fr/companies/mynk/jobs/full-stack-developer-casablanca/apply
Responsable Usinage (Fonderie),Mafoder,Casablanca,CDI,10-et,https://www.jobzyn.com/fr/companies/mafoder/jobs/chef-datelier-usinage-fonderie-casablanca/apply
Senior Front-End Developer,Userguest,,Freelance,6-9,https://www.jobzyn.com/fr/companies/userguest/jobs/senior-front-end-developer/apply
Chef d'équipe centre de distribution,YoLa Fresh,Casablanca,CDI,3-5,https://www.jobzyn.com/fr/companies/yola-fresh/jobs/chef-dequipe-centre-de-distribution-casablanca/apply
QC Executive/ Agréeur Qualité,YoLa Fresh,Casablanca,CDI,0-2,https://www.jobzyn.com/fr/companies/yola-fresh/jobs/qc-executive-agreeur-qualite-casablanca/apply
Directeur des ventes,ManpowerGroup Maroc,Tangier,CDI,6-9,https://www.jobzyn.com/fr/companies/manpowergroup-maroc/jobs/directeur-des-ventes-tangier/apply
Chef de projet senior - Activité finance,CIH Bank,Casablanca,CDI,3-5,https://www.jobzyn.com/fr/companies/cih-bank/jobs/chef-de-projet-senior---activite-finance-casablanca/apply
Commercial,ManpowerGroup Maroc,Casablanca,CDI,3-5,https://www.jobzyn.com/fr/companies/manpowergroup-maroc/jobs/commercial-casablanca/apply
Auditeur Interne,ManpowerGroup Maroc,Casablanca,CDI,3-5,https://www.jobzyn.com/fr/companies/manpowergroup-maroc/jobs/auditeur-interne-casablanca/apply
Superviseur HSE,ManpowerGroup Maroc,,CDI,3-5,https://www.jobzyn.com/fr/companies/manpowergroup-maroc/jobs/superviseur-hse/apply
Chargé(e) de clientèle,ManpowerGroup Maroc,Casablanca,CDI,0-2,https://www.jobzyn.com/fr/companies/manpowergroup-maroc/jobs/chargee-de-clientele-casablanca/apply
Front-End ReactJS Developer,Sobrus,Temara,CDI,3-5,https://www.jobzyn.com/fr/companies/sobrus/jobs/front-end-reactjs-developer-temara/apply
IT Manager,ManpowerGroup Maroc,Tanger,CDI,6-9,https://www.jobzyn.com/fr/companies/manpowergroup-maroc/jobs/it-manager-tanger/apply
"Technico-Commercial (Voirie, béton, mobilier urbain)",Mafoder,Casablanca,CDI,6-9,https://www.jobzyn.com/fr/companies/mafoder/jobs/technico-commercial-voirie-beton-mobilier-urbain-casablanca/apply
Area Manager,Royal Air Maroc,Casablanca,CDI,6-9,https://www.jobzyn.com/fr/companies/royal-air-maroc/jobs/area-manager-casablanca/apply
Brand manager junior,Cosmetica,Casablanca,CDI,0-2,https://www.jobzyn.com/fr/companies/cosmetica/jobs/brand-manager-junior-casablanca/apply
Formatrice itinérante marque sélective,Cosmetica,Casablanca,CDI,3-5,https://www.jobzyn.com/fr/companies/cosmetica/jobs/formatrice-itinerante-marque-selective-casablanca/apply
Business account developer,Effyis Group,Casablanca,CDI,3-5,https://www.jobzyn.com/fr/companies/effyis-group/jobs/business-account-developer-casablanca/apply
Directeur de production,ManpowerGroup Maroc,Casablanca,CDI,6-9,https://www.jobzyn.com/fr/companies/manpowergroup-maroc/jobs/directeur-de-production-casablanca/apply
Stagiaire Business Development,Mynk,Casablanca,Stage,0-2,https://www.jobzyn.com/fr/companies/mynk/jobs/stagiaire-business-development-casablanca/apply
Stagiaire CRM,Mynk,Casablanca,Stage,0-2,https://www.jobzyn.com/fr/companies/mynk/jobs/stagiaire-crm-casablanca/apply
Analyste Risques de Marché et Financiers,CIH Bank,Casablanca,CDI,3-5,https://www.jobzyn.com/fr/companies/cih-bank/jobs/analyste-risques-de-marche-et-financiers-casablanca/apply
Chef de projet sécurité SI,CIH Bank,Casablanca,CDI,3-5,https://www.jobzyn.com/fr/companies/cih-bank/jobs/chef-de-projet-securite-si-casablanca/apply
Analyste risque quantitatif,CIH Bank,Casablanca,CDI,0-2,https://www.jobzyn.com/fr/companies/cih-bank/jobs/analyste-risque-quantitatif-casablanca/apply
Chef de projet senior - Activité Risque,CIH Bank,Casablanca,CDI,6-9,https://www.jobzyn.com/fr/companies/cih-bank/jobs/chef-de-projet-senior---activite-risque--casablanca/apply
Analyste ALM,CIH Bank,Casablanca,CDI,6-9,https://www.jobzyn.com/fr/companies/cih-bank/jobs/analyste-alm-casablanca/apply
PMO,CIH Bank,Casablanca,CDI,3-5,https://www.jobzyn.com/fr/companies/cih-bank/jobs/pmo-casablanca/apply
Assistant(e) Commercial(e),KITEA,Casablanca,Autre,0-2,https://www.jobzyn.com/fr/companies/kitea/jobs/assistante-commerciale-casablanca/apply
Directeur Magasin Adjoint,KITEA,,CDI,3-5,https://www.jobzyn.com/fr/companies/kitea/jobs/directeur-magasin-adjoint/apply
Responsable Merchandising & Visuel,KITEA,Rabat,CDI,0-2,https://www.jobzyn.com/fr/companies/kitea/jobs/responsable-merchandising--visuel-rabat/apply
QA Tester,Sobrus,Témara,CDI,3-5,https://www.jobzyn.com/fr/companies/sobrus/jobs/qa-tester--temara/apply
Chargé de la relation client,Sobrus,Temara,CDI,0-2,https://www.jobzyn.com/fr/companies/sobrus/jobs/charge-de-la-relation-client-temara/apply
Responsable Achats,Michoc,Casablanca,CDI,6-9,https://www.jobzyn.com/fr/companies/michoc/jobs/responsable-achats-casablanca/apply
Responsable consolidation et contrôle financier,KITEA,Casablanca,CDI,6-9,https://www.jobzyn.com/fr/companies/kitea/jobs/responsable-consolidation-et-controle-financier-casablanca/apply
E-commerce Manager,Innoflex,Casablanca,CDI,3-5,https://www.jobzyn.com/fr/companies/innoflex/jobs/e-commerce-manager-casablanca/apply
Chef de projet AMOA,CIH Bank,Casablanca,CDI,6-9,https://www.jobzyn.com/fr/companies/cih-bank/jobs/chef-de-projet-amoa-casablanca/apply
Responsable administratif et financier,SoPharma,Casablanca,CDI,6-9,https://www.jobzyn.com/fr/companies/sopharma/jobs/responsable-administratif-et-financier-casablanca/apply
Trader desk change,CIH Bank,Casablanca,CDI,0-2,https://www.jobzyn.com/fr/companies/cih-bank/jobs/trader-desk-change-casablanca/apply
Product owner operation à l'internationale,CIH Bank,Casablanca,CDI,3-5,https://www.jobzyn.com/fr/companies/cih-bank/jobs/product-owner-operation-a-linternationale-casablanca/apply
Conseiller(e) Commercial en mobilier,Sketch Design,Casablanca,CDI,3-5,https://www.jobzyn.com/fr/companies/sketch-design/jobs/conseillere-commercial-en-mobilier-casablanca/apply
Conseiller(e) Commercial en mobilier,Sketch Design,Rabat,CDI,3-5,https://www.jobzyn.com/fr/companies/sketch-design/jobs/conseillere-commercial-en-mobilier--rabat/apply
Conseiller(e) Commercial en mobilier,Sketch Design,Tanger,CDI,3-5,https://www.jobzyn.com/fr/companies/sketch-design/jobs/conseillere-commercial-en-mobilier--tanger/apply
Responsable Administratif et Financier,Guichet,Casablanca,CDI,6-9,https://www.jobzyn.com/fr/companies/guichet/jobs/responsable-administratif-et-financier-casablanca/apply
Assistante RH,Innoflex,Casablanca,CDI,3-5,https://www.jobzyn.com/fr/companies/innoflex/jobs/assistante-rh-casablanca/apply
Acheteur,KITEA,Casablanca,CDI,3-5,https://www.jobzyn.com/fr/companies/kitea/jobs/acheteur-casablanca/apply
Administrateur des ventes,SoPharma,Casablanca,CDI,3-5,https://www.jobzyn.com/fr/companies/sopharma/jobs/administrateur-des-ventes--casablanca/apply
Stage bras droit CEO,Sketch Design,Casablanca,Stage,0-2,https://www.jobzyn.com/fr/companies/sketch-design/jobs/stage-bras-droit-ceo-casablanca/apply
Visuel Merchandising,Sketch Design,Rabat,CDI,0-2,https://www.jobzyn.com/fr/companies/sketch-design/jobs/visuel-merchandising-rabat/apply
Responsable des livraisons,Sketch Design,Rabat,CDI,3-5,https://www.jobzyn.com/fr/companies/sketch-design/jobs/responsable-des-livraisons-rabat/apply
Responsable du Service Après-vente,Sketch Design,Rabat,CDI,3-5,https://www.jobzyn.com/fr/companies/sketch-design/jobs/responsable-du-service-apres-vente-rabat/apply
Ingénieur en IA,Microdata,Casablanca,CDI,3-5,https://www.jobzyn.com/fr/companies/microdata/jobs/ingenieur-en-ia-casablanca/apply
Chef d’équipe Maintenance industrielle,Michoc,Casablanca,CDI,3-5,https://www.jobzyn.com/fr/companies/michoc/jobs/chef-dequipe-maintenance-industrielle--casablanca/apply
Chef de Projet Maintenance,Michoc,Casablanca,CDI,3-5,https://www.jobzyn.com/fr/companies/michoc/jobs/chef-de-projet-maintenance-casablanca/apply
Sales Executive,Glovo,Rabat,CDI,3-5,https://www.jobzyn.com/fr/companies/glovo/jobs/sales-executive-rabat/apply
Logistics as a Service Manager,Glovo,Casablanca,CDI,6-9,https://www.jobzyn.com/fr/companies/glovo/jobs/logistics-as-a-service-manager-casablanca/apply
Brands Partnership Associate,Glovo,Casablanca,CDI,3-5,https://www.jobzyn.com/fr/companies/glovo/jobs/brands-partnership-associate-casablanca/apply
DarkStore Commercial manager,Glovo,Casablanca,CDI,6-9,https://www.jobzyn.com/fr/companies/glovo/jobs/darkstore-commercial-manager-casablanca/apply
Inbound Sales Executive,Glovo,Casablanca,CDI,3-5,https://www.jobzyn.com/fr/companies/glovo/jobs/inbound-sales-executive-casablanca/apply
HR Manager,Kifal Auto,Casablanca,CDI,3-5,https://www.jobzyn.com/fr/companies/kifal-auto/jobs/hr-manager-casablanca/apply
Senior finance analyst,Kifal Auto,Casablanca,CDI,3-5,https://www.jobzyn.com/fr/companies/kifal-auto/jobs/senior-finance-analyst-casablanca/apply
Regional Area Manager,Glovo,Casablanca,CDI,6-9,https://www.jobzyn.com/fr/companies/glovo/jobs/regional-area-manager-casablanca/apply
Sales Executive,Glovo,Tanger,CDI,3-5,https://www.jobzyn.com/fr/companies/glovo/jobs/sales-executive-tanger/apply
IT Service Desk,Glovo,Casablanca,CDI,3-5,https://www.jobzyn.com/fr/companies/glovo/jobs/it-service-desk-casablanca/apply
Délégué médical Dermatologie,SoPharma,Casablanca,CDI,0-2,https://www.jobzyn.com/fr/companies/sopharma/jobs/delegue-medical-dermatologie-casablanca/apply
Portfolio Manager,Agenz,Casablanca,CDI,3-5,https://www.jobzyn.com/fr/companies/agenz/jobs/portfolio-manager-casablanca/apply
Conseiller Commercial,Sketch Design,Rabat,CDI,3-5,https://www.jobzyn.com/fr/companies/sketch-design/jobs/conseiller-commercial-rabat/apply
Office manager,Guichet,Casablanca,CDI,0-2,https://www.jobzyn.com/fr/companies/guichet/jobs/office-manager-casablanca/apply
Stage office manager,Guichet,Casablanca,Stage,0-2,https://www.jobzyn.com/fr/companies/guichet/jobs/stage-office-manager-casablanca/apply
Stage account manager,Guichet,Casablanca,Stage,0-2,https://www.jobzyn.com/fr/companies/guichet/jobs/stage-account-manager-casablanca/apply
Sales Executive,Glovo,Fès,CDI,3-5,https://www.jobzyn.com/fr/companies/glovo/jobs/sales-executive-fes/apply
Senior Category Manager - User Experience,Glovo,Casablanca,CDI,3-5,https://www.jobzyn.com/fr/companies/glovo/jobs/senior-category-manager---user-experience-casablanca/apply
Micro Fullfilment Center Area Manager II,Glovo,Casablanca,CDI,3-5,https://www.jobzyn.com/fr/companies/glovo/jobs/micro-fullfilment-center-area-manager-ii--casablanca/apply
Account Manager,Glovo,Marrakech,CDI,0-2,https://www.jobzyn.com/fr/companies/glovo/jobs/account-manager-marrakech/apply
Inventory Manager,Glovo,Casablanca,CDI,3-5,https://www.jobzyn.com/fr/companies/glovo/jobs/inventory-manager-casablanca/apply
Business Developer,Glovo,Marrakech,CDI,3-5,https://www.jobzyn.com/fr/companies/glovo/jobs/business-developer-marrakech/apply
Head of Operations,Glovo,Casablanca,CDI,6-9,https://www.jobzyn.com/fr/companies/glovo/jobs/head-of-operations-casablanca/apply
Full Stack NextJs/NodeJS,Agenz,Casablanca,CDI,3-5,https://www.jobzyn.com/fr/companies/agenz/jobs/full-stack-nextjsnodejs-casablanca/apply
